Lat,Lon
8.25,77
8.25,77.25
8.25,77.5
8.5,76.75
8.5,77
8.5,77.25
8.5,77.5
8.5,77.75
8.75,76.75
8.75,77
8.75,77.25
8.75,77.5
8.75,77.75
9,76.5
9,76.75
9,77
9,77.25
9,77.5
9,77.75
9.25,76.5
9.25,76.75
9.25,77
9.25,77.25
9.25,77.5
9.25,77.75
9.25,78
9.25,78.25
9.25,78.5
9.5,76.25
9.5,76.5
9.5,76.75
9.5,77
9.5,77.25
9.5,77.5
9.5,77.75
9.5,78
9.5,78.25
9.5,78.5
9.75,76.5
9.75,76.75
9.75,77
9.75,77.25
9.75,77.5
9.75,77.75
9.75,78
9.75,78.25
9.75,78.5
10,76.25
10,76.5
10,76.75
10,77
10,77.25
10,77.5
10,77.75
10,78
10,78.25
10,78.5
10,78.75
10.25,76.25
10.25,76.5
10.25,76.75
10.25,77
10.25,77.25
10.25,77.5
10.25,77.75
10.25,78
10.25,78.25
10.25,78.5
10.25,78.75
10.25,79
10.5,76
10.5,76.25
10.5,76.5
10.5,76.75
10.5,77
10.5,77.25
10.5,77.5
10.5,77.75
10.5,78
10.5,78.25
10.5,78.5
10.5,78.75
10.5,79
10.5,79.25
10.5,79.5
10.75,76
10.75,76.25
10.75,76.5
10.75,76.75
10.75,77
10.75,77.25
10.75,77.5
10.75,77.75
10.75,78
10.75,78.25
10.75,78.5
10.75,78.75
10.75,79
10.75,79.25
10.75,79.5
11,76
11,76.25
11,76.5
11,76.75
11,77
11,77.25
11,77.5
11,77.75
11,78
11,78.25
11,78.5
11,78.75
11,79
11,79.25
11,79.5
11.25,75.75
11.25,76
11.25,76.25
11.25,76.5
11.25,76.75
11.25,77
11.25,77.25
11.25,77.5
11.25,77.75
11.25,78
11.25,78.25
11.25,78.5
11.25,78.75
11.25,79
11.25,79.25
11.25,79.5
11.5,75.75
11.5,76
11.5,76.25
11.5,76.5
11.5,76.75
11.5,77
11.5,77.25
11.5,77.5
11.5,77.75
11.5,78
11.5,78.25
11.5,78.5
11.5,78.75
11.5,79
11.5,79.25
11.75,75.75
11.75,76
11.75,76.25
11.75,76.5
11.75,76.75
11.75,77
11.75,77.25
11.75,77.5
11.75,77.75
11.75,78
11.75,78.25
11.75,78.5
11.75,78.75
11.75,79
11.75,79.25
11.75,79.5
12,75.25
12,75.5
12,75.75
12,76
12,76.25
12,76.5
12,76.75
12,77
12,77.25
12,77.5
12,77.75
12,78
12,78.25
12,78.5
12,78.75
12,79
12,79.25
12,79.5
12.25,75
12.25,75.25
12.25,75.5
12.25,75.75
12.25,76
12.25,76.25
12.25,76.5
12.25,76.75
12.25,77
12.25,77.25
12.25,77.5
12.25,77.75
12.25,78
12.25,78.25
12.25,78.5
12.25,78.75
12.25,79
12.25,79.25
12.25,79.5
12.5,75
12.5,75.25
12.5,75.5
12.5,75.75
12.5,76
12.5,76.25
12.5,76.5
12.5,76.75
12.5,77
12.5,77.25
12.5,77.5
12.5,77.75
12.5,78
12.5,78.25
12.5,78.5
12.5,78.75
12.5,79
12.5,79.25
12.5,79.5
12.5,79.75
12.75,75
12.75,75.25
12.75,75.5
12.75,75.75
12.75,76
12.75,76.25
12.75,76.5
12.75,76.75
12.75,77
12.75,77.25
12.75,77.5
12.75,77.75
12.75,78
12.75,78.25
12.75,78.5
12.75,78.75
12.75,79
12.75,79.25
12.75,79.5
12.75,79.75
13,75
13,75.25
13,75.5
13,75.75
13,76
13,76.25
13,76.5
13,76.75
13,77
13,77.25
13,77.5
13,77.75
13,78
13,78.25
13,78.5
13,78.75
13,79
13,79.25
13,79.5
13,79.75
13.25,75
13.25,75.25
13.25,75.5
13.25,75.75
13.25,76
13.25,76.25
13.25,76.5
13.25,76.75
13.25,77
13.25,77.25
13.25,77.5
13.25,77.75
13.25,78
13.25,78.25
13.25,78.5
13.25,78.75
13.25,79
13.25,79.25
13.25,79.5
13.25,79.75
13.25,80
13.5,74.75
13.5,75
13.5,75.25
13.5,75.5
13.5,75.75
13.5,76
13.5,76.25
13.5,76.5
13.5,76.75
13.5,77
13.5,77.25
13.5,77.5
13.5,77.75
13.5,78
13.5,78.25
13.5,78.5
13.5,78.75
13.5,79
13.5,79.25
13.5,79.5
13.5,79.75
13.75,74.75
13.75,75
13.75,75.25
13.75,75.5
13.75,75.75
13.75,76
13.75,76.25
13.75,76.5
13.75,76.75
13.75,77
13.75,77.25
13.75,77.5
13.75,77.75
13.75,78
13.75,78.25
13.75,78.5
13.75,78.75
13.75,79
13.75,79.25
13.75,79.5
13.75,79.75
14,74.5
14,74.75
14,75
14,75.25
14,75.5
14,75.75
14,76
14,76.25
14,76.5
14,76.75
14,77
14,77.25
14,77.5
14,77.75
14,78
14,78.25
14,78.5
14,78.75
14,79
14,79.25
14,79.5
14,79.75
14.25,74.5
14.25,74.75
14.25,75
14.25,75.25
14.25,75.5
14.25,75.75
14.25,76
14.25,76.25
14.25,76.5
14.25,76.75
14.25,77
14.25,77.25
14.25,77.5
14.25,77.75
14.25,78
14.25,78.25
14.25,78.5
14.25,78.75
14.25,79
14.25,79.25
14.25,79.5
14.25,79.75
14.5,74.5
14.5,74.75
14.5,75
14.5,75.25
14.5,75.5
14.5,75.75
14.5,76
14.5,76.25
14.5,76.5
14.5,76.75
14.5,77
14.5,77.25
14.5,77.5
14.5,77.75
14.5,78
14.5,78.25
14.5,78.5
14.5,78.75
14.5,79
14.5,79.25
14.5,79.5
14.5,79.75
14.75,74.25
14.75,74.5
14.75,74.75
14.75,75
14.75,75.25
14.75,75.5
14.75,75.75
14.75,76
14.75,76.25
14.75,76.5
14.75,76.75
14.75,77
14.75,77.25
14.75,77.5
14.75,77.75
14.75,78
14.75,78.25
14.75,78.5
14.75,78.75
14.75,79
14.75,79.25
14.75,79.5
14.75,79.75
15,74
15,74.25
15,74.5
15,74.75
15,75
15,75.25
15,75.5
15,75.75
15,76
15,76.25
15,76.5
15,76.75
15,77
15,77.25
15,77.5
15,77.75
15,78
15,78.25
15,78.5
15,78.75
15,79
15,79.25
15,79.5
15,79.75
15.25,73.75
15.25,74
15.25,74.25
15.25,74.5
15.25,74.75
15.25,75
15.25,75.25
15.25,75.5
15.25,75.75
15.25,76
15.25,76.25
15.25,76.5
15.25,76.75
15.25,77
15.25,77.25
15.25,77.5
15.25,77.75
15.25,78
15.25,78.25
15.25,78.5
15.25,78.75
15.25,79
15.25,79.25
15.25,79.5
15.25,79.75
15.5,73.75
15.5,74
15.5,74.25
15.5,74.5
15.5,74.75
15.5,75
15.5,75.25
15.5,75.5
15.5,75.75
15.5,76
15.5,76.25
15.5,76.5
15.5,76.75
15.5,77
15.5,77.25
15.5,77.5
15.5,77.75
15.5,78
15.5,78.25
15.5,78.5
15.5,78.75
15.5,79
15.5,79.25
15.5,79.5
15.5,79.75
15.75,73.75
15.75,74
15.75,74.25
15.75,74.5
15.75,74.75
15.75,75
15.75,75.25
15.75,75.5
15.75,75.75
15.75,76
15.75,76.25
15.75,76.5
15.75,76.75
15.75,77
15.75,77.25
15.75,77.5
15.75,77.75
15.75,78
15.75,78.25
15.75,78.5
15.75,78.75
15.75,79
15.75,79.25
15.75,79.5
15.75,79.75
15.75,80
16,73.5
16,73.75
16,74
16,74.25
16,74.5
16,74.75
16,75
16,75.25
16,75.5
16,75.75
16,76
16,76.25
16,76.5
16,76.75
16,77
16,77.25
16,77.5
16,77.75
16,78
16,78.25
16,78.5
16,78.75
16,79
16,79.25
16,79.5
16,79.75
16,80
16,80.25
16,80.5
16,80.75
16.25,73.5
16.25,73.75
16.25,74
16.25,74.25
16.25,74.5
16.25,74.75
16.25,75
16.25,75.25
16.25,75.5
16.25,75.75
16.25,76
16.25,76.25
16.25,76.5
16.25,76.75
16.25,77
16.25,77.25
16.25,77.5
16.25,77.75
16.25,78
16.25,78.25
16.25,78.5
16.25,78.75
16.25,79
16.25,79.25
16.25,79.5
16.25,79.75
16.25,80
16.25,80.25
16.25,80.5
16.25,80.75
16.5,73.5
16.5,73.75
16.5,74
16.5,74.25
16.5,74.5
16.5,74.75
16.5,75
16.5,75.25
16.5,75.5
16.5,75.75
16.5,76
16.5,76.25
16.5,76.5
16.5,76.75
16.5,77
16.5,77.25
16.5,77.5
16.5,77.75
16.5,78
16.5,78.25
16.5,78.5
16.5,78.75
16.5,79
16.5,79.25
16.5,79.5
16.5,79.75
16.5,80
16.5,80.25
16.5,80.5
16.5,80.75
16.5,81
16.5,81.25
16.5,81.5
16.5,81.75
16.75,73.25
16.75,73.5
16.75,73.75
16.75,74
16.75,74.25
16.75,74.5
16.75,74.75
16.75,75
16.75,75.25
16.75,75.5
16.75,75.75
16.75,76
16.75,76.25
16.75,76.5
16.75,76.75
16.75,77
16.75,77.25
16.75,77.5
16.75,77.75
16.75,78
16.75,78.25
16.75,78.5
16.75,78.75
16.75,79
16.75,79.25
16.75,79.5
16.75,79.75
16.75,80
16.75,80.25
16.75,80.5
16.75,80.75
16.75,81
16.75,81.25
16.75,81.5
16.75,81.75
16.75,82
17,73.25
17,73.5
17,73.75
17,74
17,74.25
17,74.5
17,74.75
17,75
17,75.25
17,75.5
17,75.75
17,76
17,76.25
17,76.5
17,76.75
17,77
17,77.25
17,77.5
17,77.75
17,78
17,78.25
17,78.5
17,78.75
17,79
17,79.25
17,79.5
17,79.75
17,80
17,80.25
17,80.5
17,80.75
17,81
17,81.25
17,81.5
17,81.75
17,82
17.25,73.25
17.25,73.5
17.25,73.75
17.25,74
17.25,74.25
17.25,74.5
17.25,74.75
17.25,75
17.25,75.25
17.25,75.5
17.25,75.75
17.25,76
17.25,76.25
17.25,76.5
17.25,76.75
17.25,77
17.25,77.25
17.25,77.5
17.25,77.75
17.25,78
17.25,78.25
17.25,78.5
17.25,78.75
17.25,79
17.25,79.25
17.25,79.5
17.25,79.75
17.25,80
17.25,80.25
17.25,80.5
17.25,80.75
17.25,81
17.25,81.25
17.25,81.5
17.25,81.75
17.25,82
17.25,82.25
17.5,73.25
17.5,73.5
17.5,73.75
17.5,74
17.5,74.25
17.5,74.5
17.5,74.75
17.5,75
17.5,75.25
17.5,75.5
17.5,75.75
17.5,76
17.5,76.25
17.5,76.5
17.5,76.75
17.5,77
17.5,77.25
17.5,77.5
17.5,77.75
17.5,78
17.5,78.25
17.5,78.5
17.5,78.75
17.5,79
17.5,79.25
17.5,79.5
17.5,79.75
17.5,80
17.5,80.25
17.5,80.5
17.5,80.75
17.5,81
17.5,81.25
17.5,81.5
17.5,81.75
17.5,82
17.5,82.25
17.5,82.5
17.75,73.25
17.75,73.5
17.75,73.75
17.75,74
17.75,74.25
17.75,74.5
17.75,74.75
17.75,75
17.75,75.25
17.75,75.5
17.75,75.75
17.75,76
17.75,76.25
17.75,76.5
17.75,76.75
17.75,77
17.75,77.25
17.75,77.5
17.75,77.75
17.75,78
17.75,78.25
17.75,78.5
17.75,78.75
17.75,79
17.75,79.25
17.75,79.5
17.75,79.75
17.75,80
17.75,80.25
17.75,80.5
17.75,80.75
17.75,81
17.75,81.25
17.75,81.5
17.75,81.75
17.75,82
17.75,82.25
17.75,82.5
17.75,82.75
17.75,83
18,73.25
18,73.5
18,73.75
18,74
18,74.25
18,74.5
18,74.75
18,75
18,75.25
18,75.5
18,75.75
18,76
18,76.25
18,76.5
18,76.75
18,77
18,77.25
18,77.5
18,77.75
18,78
18,78.25
18,78.5
18,78.75
18,79
18,79.25
18,79.5
18,79.75
18,80
18,80.25
18,80.5
18,80.75
18,81
18,81.25
18,81.5
18,81.75
18,82
18,82.25
18,82.5
18,82.75
18,83
18,83.25
18.25,73
18.25,73.25
18.25,73.5
18.25,73.75
18.25,74
18.25,74.25
18.25,74.5
18.25,74.75
18.25,75
18.25,75.25
18.25,75.5
18.25,75.75
18.25,76
18.25,76.25
18.25,76.5
18.25,76.75
18.25,77
18.25,77.25
18.25,77.5
18.25,77.75
18.25,78
18.25,78.25
18.25,78.5
18.25,78.75
18.25,79
18.25,79.25
18.25,79.5
18.25,79.75
18.25,80
18.25,80.25
18.25,80.5
18.25,80.75
18.25,81
18.25,81.25
18.25,81.5
18.25,81.75
18.25,82
18.25,82.25
18.25,82.5
18.25,82.75
18.25,83
18.25,83.25
18.25,83.5
18.5,73
18.5,73.25
18.5,73.5
18.5,73.75
18.5,74
18.5,74.25
18.5,74.5
18.5,74.75
18.5,75
18.5,75.25
18.5,75.5
18.5,75.75
18.5,76
18.5,76.25
18.5,76.5
18.5,76.75
18.5,77
18.5,77.25
18.5,77.5
18.5,77.75
18.5,78
18.5,78.25
18.5,78.5
18.5,78.75
18.5,79
18.5,79.25
18.5,79.5
18.5,79.75
18.5,80
18.5,80.25
18.5,80.5
18.5,80.75
18.5,81
18.5,81.25
18.5,81.5
18.5,81.75
18.5,82
18.5,82.25
18.5,82.5
18.5,82.75
18.5,83
18.5,83.25
18.5,83.5
18.5,83.75
18.75,73
18.75,73.25
18.75,73.5
18.75,73.75
18.75,74
18.75,74.25
18.75,74.5
18.75,74.75
18.75,75
18.75,75.25
18.75,75.5
18.75,75.75
18.75,76
18.75,76.25
18.75,76.5
18.75,76.75
18.75,77
18.75,77.25
18.75,77.5
18.75,77.75
18.75,78
18.75,78.25
18.75,78.5
18.75,78.75
18.75,79
18.75,79.25
18.75,79.5
18.75,79.75
18.75,80
18.75,80.25
18.75,80.5
18.75,80.75
18.75,81
18.75,81.25
18.75,81.5
18.75,81.75
18.75,82
18.75,82.25
18.75,82.5
18.75,82.75
18.75,83
18.75,83.25
18.75,83.5
18.75,83.75
18.75,84
19,73
19,73.25
19,73.5
19,73.75
19,74
19,74.25
19,74.5
19,74.75
19,75
19,75.25
19,75.5
19,75.75
19,76
19,76.25
19,76.5
19,76.75
19,77
19,77.25
19,77.5
19,77.75
19,78
19,78.25
19,78.5
19,78.75
19,79
19,79.25
19,79.5
19,79.75
19,80
19,80.25
19,80.5
19,80.75
19,81
19,81.25
19,81.5
19,81.75
19,82
19,82.25
19,82.5
19,82.75
19,83
19,83.25
19,83.5
19,83.75
19,84
19,84.25
19.25,72.75
19.25,73
19.25,73.25
19.25,73.5
19.25,73.75
19.25,74
19.25,74.25
19.25,74.5
19.25,74.75
19.25,75
19.25,75.25
19.25,75.5
19.25,75.75
19.25,76
19.25,76.25
19.25,76.5
19.25,76.75
19.25,77
19.25,77.25
19.25,77.5
19.25,77.75
19.25,78
19.25,78.25
19.25,78.5
19.25,78.75
19.25,79
19.25,79.25
19.25,79.5
19.25,79.75
19.25,80
19.25,80.25
19.25,80.5
19.25,80.75
19.25,81
19.25,81.25
19.25,81.5
19.25,81.75
19.25,82
19.25,82.25
19.25,82.5
19.25,82.75
19.25,83
19.25,83.25
19.25,83.5
19.25,83.75
19.25,84
19.25,84.25
19.25,84.5
19.5,72.75
19.5,73
19.5,73.25
19.5,73.5
19.5,73.75
19.5,74
19.5,74.25
19.5,74.5
19.5,74.75
19.5,75
19.5,75.25
19.5,75.5
19.5,75.75
19.5,76
19.5,76.25
19.5,76.5
19.5,76.75
19.5,77
19.5,77.25
19.5,77.5
19.5,77.75
19.5,78
19.5,78.25
19.5,78.5
19.5,78.75
19.5,79
19.5,79.25
19.5,79.5
19.5,79.75
19.5,80
19.5,80.25
19.5,80.5
19.5,80.75
19.5,81
19.5,81.25
19.5,81.5
19.5,81.75
19.5,82
19.5,82.25
19.5,82.5
19.5,82.75
19.5,83
19.5,83.25
19.5,83.5
19.5,83.75
19.5,84
19.5,84.25
19.5,84.5
19.5,84.75
19.75,72.75
19.75,73
19.75,73.25
19.75,73.5
19.75,73.75
19.75,74
19.75,74.25
19.75,74.5
19.75,74.75
19.75,75
19.75,75.25
19.75,75.5
19.75,75.75
19.75,76
19.75,76.25
19.75,76.5
19.75,76.75
19.75,77
19.75,77.25
19.75,77.5
19.75,77.75
19.75,78
19.75,78.25
19.75,78.5
19.75,78.75
19.75,79
19.75,79.25
19.75,79.5
19.75,79.75
19.75,80
19.75,80.25
19.75,80.5
19.75,80.75
19.75,81
19.75,81.25
19.75,81.5
19.75,81.75
19.75,82
19.75,82.25
19.75,82.5
19.75,82.75
19.75,83
19.75,83.25
19.75,83.5
19.75,83.75
19.75,84
19.75,84.25
19.75,84.5
19.75,84.75
19.75,85
19.75,85.25
20,72.75
20,73
20,73.25
20,73.5
20,73.75
20,74
20,74.25
20,74.5
20,74.75
20,75
20,75.25
20,75.5
20,75.75
20,76
20,76.25
20,76.5
20,76.75
20,77
20,77.25
20,77.5
20,77.75
20,78
20,78.25
20,78.5
20,78.75
20,79
20,79.25
20,79.5
20,79.75
20,80
20,80.25
20,80.5
20,80.75
20,81
20,81.25
20,81.5
20,81.75
20,82
20,82.25
20,82.5
20,82.75
20,83
20,83.25
20,83.5
20,83.75
20,84
20,84.25
20,84.5
20,84.75
20,85
20,85.25
20,85.5
20,85.75
20,86
20.25,73
20.25,73.25
20.25,73.5
20.25,73.75
20.25,74
20.25,74.25
20.25,74.5
20.25,74.75
20.25,75
20.25,75.25
20.25,75.5
20.25,75.75
20.25,76
20.25,76.25
20.25,76.5
20.25,76.75
20.25,77
20.25,77.25
20.25,77.5
20.25,77.75
20.25,78
20.25,78.25
20.25,78.5
20.25,78.75
20.25,79
20.25,79.25
20.25,79.5
20.25,79.75
20.25,80
20.25,80.25
20.25,80.5
20.25,80.75
20.25,81
20.25,81.25
20.25,81.5
20.25,81.75
20.25,82
20.25,82.25
20.25,82.5
20.25,82.75
20.25,83
20.25,83.25
20.25,83.5
20.25,83.75
20.25,84
20.25,84.25
20.25,84.5
20.25,84.75
20.25,85
20.25,85.25
20.25,85.5
20.25,85.75
20.25,86
20.25,86.25
20.5,73
20.5,73.25
20.5,73.5
20.5,73.75
20.5,74
20.5,74.25
20.5,74.5
20.5,74.75
20.5,75
20.5,75.25
20.5,75.5
20.5,75.75
20.5,76
20.5,76.25
20.5,76.5
20.5,76.75
20.5,77
20.5,77.25
20.5,77.5
20.5,77.75
20.5,78
20.5,78.25
20.5,78.5
20.5,78.75
20.5,79
20.5,79.25
20.5,79.5
20.5,79.75
20.5,80
20.5,80.25
20.5,80.5
20.5,80.75
20.5,81
20.5,81.25
20.5,81.5
20.5,81.75
20.5,82
20.5,82.25
20.5,82.5
20.5,82.75
20.5,83
20.5,83.25
20.5,83.5
20.5,83.75
20.5,84
20.5,84.25
20.5,84.5
20.5,84.75
20.5,85
20.5,85.25
20.5,85.5
20.5,85.75
20.5,86
20.5,86.25
20.5,86.5
20.75,70.75
20.75,72.75
20.75,73
20.75,73.25
20.75,73.5
20.75,73.75
20.75,74
20.75,74.25
20.75,74.5
20.75,74.75
20.75,75
20.75,75.25
20.75,75.5
20.75,75.75
20.75,76
20.75,76.25
20.75,76.5
20.75,76.75
20.75,77
20.75,77.25
20.75,77.5
20.75,77.75
20.75,78
20.75,78.25
20.75,78.5
20.75,78.75
20.75,79
20.75,79.25
20.75,79.5
20.75,79.75
20.75,80
20.75,80.25
20.75,80.5
20.75,80.75
20.75,81
20.75,81.25
20.75,81.5
20.75,81.75
20.75,82
20.75,82.25
20.75,82.5
20.75,82.75
20.75,83
20.75,83.25
20.75,83.5
20.75,83.75
20.75,84
20.75,84.25
20.75,84.5
20.75,84.75
20.75,85
20.75,85.25
20.75,85.5
20.75,85.75
20.75,86
20.75,86.25
20.75,86.5
21,70.25
21,70.5
21,70.75
21,71
21,71.25
21,72.75
21,73
21,73.25
21,73.5
21,73.75
21,74
21,74.25
21,74.5
21,74.75
21,75
21,75.25
21,75.5
21,75.75
21,76
21,76.25
21,76.5
21,76.75
21,77
21,77.25
21,77.5
21,77.75
21,78
21,78.25
21,78.5
21,78.75
21,79
21,79.25
21,79.5
21,79.75
21,80
21,80.25
21,80.5
21,80.75
21,81
21,81.25
21,81.5
21,81.75
21,82
21,82.25
21,82.5
21,82.75
21,83
21,83.25
21,83.5
21,83.75
21,84
21,84.25
21,84.5
21,84.75
21,85
21,85.25
21,85.5
21,85.75
21,86
21,86.25
21,86.5
21.25,70
21.25,70.25
21.25,70.5
21.25,70.75
21.25,71
21.25,71.25
21.25,71.5
21.25,71.75
21.25,72.75
21.25,73
21.25,73.25
21.25,73.5
21.25,73.75
21.25,74
21.25,74.25
21.25,74.5
21.25,74.75
21.25,75
21.25,75.25
21.25,75.5
21.25,75.75
21.25,76
21.25,76.25
21.25,76.5
21.25,76.75
21.25,77
21.25,77.25
21.25,77.5
21.25,77.75
21.25,78
21.25,78.25
21.25,78.5
21.25,78.75
21.25,79
21.25,79.25
21.25,79.5
21.25,79.75
21.25,80
21.25,80.25
21.25,80.5
21.25,80.75
21.25,81
21.25,81.25
21.25,81.5
21.25,81.75
21.25,82
21.25,82.25
21.25,82.5
21.25,82.75
21.25,83
21.25,83.25
21.25,83.5
21.25,83.75
21.25,84
21.25,84.25
21.25,84.5
21.25,84.75
21.25,85
21.25,85.25
21.25,85.5
21.25,85.75
21.25,86
21.25,86.25
21.25,86.5
21.5,69.75
21.5,70
21.5,70.25
21.5,70.5
21.5,70.75
21.5,71
21.5,71.25
21.5,71.5
21.5,71.75
21.5,72.75
21.5,73
21.5,73.25
21.5,73.5
21.5,73.75
21.5,74
21.5,74.25
21.5,74.5
21.5,74.75
21.5,75
21.5,75.25
21.5,75.5
21.5,75.75
21.5,76
21.5,76.25
21.5,76.5
21.5,76.75
21.5,77
21.5,77.25
21.5,77.5
21.5,77.75
21.5,78
21.5,78.25
21.5,78.5
21.5,78.75
21.5,79
21.5,79.25
21.5,79.5
21.5,79.75
21.5,80
21.5,80.25
21.5,80.5
21.5,80.75
21.5,81
21.5,81.25
21.5,81.5
21.5,81.75
21.5,82
21.5,82.25
21.5,82.5
21.5,82.75
21.5,83
21.5,83.25
21.5,83.5
21.5,83.75
21.5,84
21.5,84.25
21.5,84.5
21.5,84.75
21.5,85
21.5,85.25
21.5,85.5
21.5,85.75
21.5,86
21.5,86.25
21.5,86.5
21.5,86.75
21.75,69.5
21.75,69.75
21.75,70
21.75,70.25
21.75,70.5
21.75,70.75
21.75,71
21.75,71.25
21.75,71.5
21.75,71.75
21.75,72.75
21.75,73
21.75,73.25
21.75,73.5
21.75,73.75
21.75,74
21.75,74.25
21.75,74.5
21.75,74.75
21.75,75
21.75,75.25
21.75,75.5
21.75,75.75
21.75,76
21.75,76.25
21.75,76.5
21.75,76.75
21.75,77
21.75,77.25
21.75,77.5
21.75,77.75
21.75,78
21.75,78.25
21.75,78.5
21.75,78.75
21.75,79
21.75,79.25
21.75,79.5
21.75,79.75
21.75,80
21.75,80.25
21.75,80.5
21.75,80.75
21.75,81
21.75,81.25
21.75,81.5
21.75,81.75
21.75,82
21.75,82.25
21.75,82.5
21.75,82.75
21.75,83
21.75,83.25
21.75,83.5
21.75,83.75
21.75,84
21.75,84.25
21.75,84.5
21.75,84.75
21.75,85
21.75,85.25
21.75,85.5
21.75,85.75
21.75,86
21.75,86.25
21.75,86.5
21.75,86.75
21.75,87
21.75,87.25
21.75,87.5
21.75,87.75
21.75,88.25
22,69
22,69.25
22,69.5
22,69.75
22,70
22,70.25
22,70.5
22,70.75
22,71
22,71.25
22,71.5
22,71.75
22,72
22,72.75
22,73
22,73.25
22,73.5
22,73.75
22,74
22,74.25
22,74.5
22,74.75
22,75
22,75.25
22,75.5
22,75.75
22,76
22,76.25
22,76.5
22,76.75
22,77
22,77.25
22,77.5
22,77.75
22,78
22,78.25
22,78.5
22,78.75
22,79
22,79.25
22,79.5
22,79.75
22,80
22,80.25
22,80.5
22,80.75
22,81
22,81.25
22,81.5
22,81.75
22,82
22,82.25
22,82.5
22,82.75
22,83
22,83.25
22,83.5
22,83.75
22,84
22,84.25
22,84.5
22,84.75
22,85
22,85.25
22,85.5
22,85.75
22,86
22,86.25
22,86.5
22,86.75
22,87
22,87.25
22,87.5
22,87.75
22,88
22,88.25
22.25,69
22.25,69.75
22.25,70
22.25,70.25
22.25,70.5
22.25,70.75
22.25,71
22.25,71.25
22.25,71.5
22.25,71.75
22.25,72
22.25,72.75
22.25,73
22.25,73.25
22.25,73.5
22.25,73.75
22.25,74
22.25,74.25
22.25,74.5
22.25,74.75
22.25,75
22.25,75.25
22.25,75.5
22.25,75.75
22.25,76
22.25,76.25
22.25,76.5
22.25,76.75
22.25,77
22.25,77.25
22.25,77.5
22.25,77.75
22.25,78
22.25,78.25
22.25,78.5
22.25,78.75
22.25,79
22.25,79.25
22.25,79.5
22.25,79.75
22.25,80
22.25,80.25
22.25,80.5
22.25,80.75
22.25,81
22.25,81.25
22.25,81.5
22.25,81.75
22.25,82
22.25,82.25
22.25,82.5
22.25,82.75
22.25,83
22.25,83.25
22.25,83.5
22.25,83.75
22.25,84
22.25,84.25
22.25,84.5
22.25,84.75
22.25,85
22.25,85.25
22.25,85.5
22.25,85.75
22.25,86
22.25,86.25
22.25,86.5
22.25,86.75
22.25,87
22.25,87.25
22.25,87.5
22.25,87.75
22.25,88
22.25,88.25
22.25,88.5
22.25,88.75
22.5,70.25
22.5,70.5
22.5,70.75
22.5,71
22.5,71.25
22.5,71.5
22.5,71.75
22.5,72
22.5,72.25
22.5,72.5
22.5,72.75
22.5,73
22.5,73.25
22.5,73.5
22.5,73.75
22.5,74
22.5,74.25
22.5,74.5
22.5,74.75
22.5,75
22.5,75.25
22.5,75.5
22.5,75.75
22.5,76
22.5,76.25
22.5,76.5
22.5,76.75
22.5,77
22.5,77.25
22.5,77.5
22.5,77.75
22.5,78
22.5,78.25
22.5,78.5
22.5,78.75
22.5,79
22.5,79.25
22.5,79.5
22.5,79.75
22.5,80
22.5,80.25
22.5,80.5
22.5,80.75
22.5,81
22.5,81.25
22.5,81.5
22.5,81.75
22.5,82
22.5,82.25
22.5,82.5
22.5,82.75
22.5,83
22.5,83.25
22.5,83.5
22.5,83.75
22.5,84
22.5,84.25
22.5,84.5
22.5,84.75
22.5,85
22.5,85.25
22.5,85.5
22.5,85.75
22.5,86
22.5,86.25
22.5,86.5
22.5,86.75
22.5,87
22.5,87.25
22.5,87.5
22.5,87.75
22.5,88
22.5,88.25
22.5,88.5
22.5,88.75
22.75,70.5
22.75,70.75
22.75,71
22.75,71.25
22.75,71.5
22.75,71.75
22.75,72
22.75,72.25
22.75,72.5
22.75,72.75
22.75,73
22.75,73.25
22.75,73.5
22.75,73.75
22.75,74
22.75,74.25
22.75,74.5
22.75,74.75
22.75,75
22.75,75.25
22.75,75.5
22.75,75.75
22.75,76
22.75,76.25
22.75,76.5
22.75,76.75
22.75,77
22.75,77.25
22.75,77.5
22.75,77.75
22.75,78
22.75,78.25
22.75,78.5
22.75,78.75
22.75,79
22.75,79.25
22.75,79.5
22.75,79.75
22.75,80
22.75,80.25
22.75,80.5
22.75,80.75
22.75,81
22.75,81.25
22.75,81.5
22.75,81.75
22.75,82
22.75,82.25
22.75,82.5
22.75,82.75
22.75,83
22.75,83.25
22.75,83.5
22.75,83.75
22.75,84
22.75,84.25
22.75,84.5
22.75,84.75
22.75,85
22.75,85.25
22.75,85.5
22.75,85.75
22.75,86
22.75,86.25
22.75,86.5
22.75,86.75
22.75,87
22.75,87.25
22.75,87.5
22.75,87.75
22.75,88
22.75,88.25
22.75,88.5
23,68.75
23,69
23,69.25
23,69.5
23,69.75
23,70
23,70.75
23,71
23,71.25
23,71.5
23,71.75
23,72
23,72.25
23,72.5
23,72.75
23,73
23,73.25
23,73.5
23,73.75
23,74
23,74.25
23,74.5
23,74.75
23,75
23,75.25
23,75.5
23,75.75
23,76
23,76.25
23,76.5
23,76.75
23,77
23,77.25
23,77.5
23,77.75
23,78
23,78.25
23,78.5
23,78.75
23,79
23,79.25
23,79.5
23,79.75
23,80
23,80.25
23,80.5
23,80.75
23,81
23,81.25
23,81.5
23,81.75
23,82
23,82.25
23,82.5
23,82.75
23,83
23,83.25
23,83.5
23,83.75
23,84
23,84.25
23,84.5
23,84.75
23,85
23,85.25
23,85.5
23,85.75
23,86
23,86.25
23,86.5
23,86.75
23,87
23,87.25
23,87.5
23,87.75
23,88
23,88.25
23,88.5
23.25,69
23.25,69.25
23.25,69.5
23.25,69.75
23.25,70
23.25,70.25
23.25,70.5
23.25,70.75
23.25,71
23.25,71.25
23.25,71.5
23.25,71.75
23.25,72
23.25,72.25
23.25,72.5
23.25,72.75
23.25,73
23.25,73.25
23.25,73.5
23.25,73.75
23.25,74
23.25,74.25
23.25,74.5
23.25,74.75
23.25,75
23.25,75.25
23.25,75.5
23.25,75.75
23.25,76
23.25,76.25
23.25,76.5
23.25,76.75
23.25,77
23.25,77.25
23.25,77.5
23.25,77.75
23.25,78
23.25,78.25
23.25,78.5
23.25,78.75
23.25,79
23.25,79.25
23.25,79.5
23.25,79.75
23.25,80
23.25,80.25
23.25,80.5
23.25,80.75
23.25,81
23.25,81.25
23.25,81.5
23.25,81.75
23.25,82
23.25,82.25
23.25,82.5
23.25,82.75
23.25,83
23.25,83.25
23.25,83.5
23.25,83.75
23.25,84
23.25,84.25
23.25,84.5
23.25,84.75
23.25,85
23.25,85.25
23.25,85.5
23.25,85.75
23.25,86
23.25,86.25
23.25,86.5
23.25,86.75
23.25,87
23.25,87.25
23.25,87.5
23.25,87.75
23.25,88
23.25,88.25
23.25,88.5
23.25,91.25
23.25,91.5
23.25,92.5
23.25,92.75
23.25,93
23.5,69
23.5,69.25
23.5,69.5
23.5,69.75
23.5,70
23.5,70.25
23.5,70.5
23.5,70.75
23.5,71
23.5,71.25
23.5,71.5
23.5,71.75
23.5,72
23.5,72.25
23.5,72.5
23.5,72.75
23.5,73
23.5,73.25
23.5,73.5
23.5,73.75
23.5,74
23.5,74.25
23.5,74.5
23.5,74.75
23.5,75
23.5,75.25
23.5,75.5
23.5,75.75
23.5,76
23.5,76.25
23.5,76.5
23.5,76.75
23.5,77
23.5,77.25
23.5,77.5
23.5,77.75
23.5,78
23.5,78.25
23.5,78.5
23.5,78.75
23.5,79
23.5,79.25
23.5,79.5
23.5,79.75
23.5,80
23.5,80.25
23.5,80.5
23.5,80.75
23.5,81
23.5,81.25
23.5,81.5
23.5,81.75
23.5,82
23.5,82.25
23.5,82.5
23.5,82.75
23.5,83
23.5,83.25
23.5,83.5
23.5,83.75
23.5,84
23.5,84.25
23.5,84.5
23.5,84.75
23.5,85
23.5,85.25
23.5,85.5
23.5,85.75
23.5,86
23.5,86.25
23.5,86.5
23.5,86.75
23.5,87
23.5,87.25
23.5,87.5
23.5,87.75
23.5,88
23.5,88.25
23.5,91.25
23.5,91.5
23.5,92.25
23.5,92.5
23.5,92.75
23.5,93
23.75,69.25
23.75,69.5
23.75,69.75
23.75,70
23.75,70.25
23.75,70.5
23.75,70.75
23.75,71
23.75,71.25
23.75,71.5
23.75,71.75
23.75,72
23.75,72.25
23.75,72.5
23.75,72.75
23.75,73
23.75,73.25
23.75,73.5
23.75,73.75
23.75,74
23.75,74.25
23.75,74.5
23.75,74.75
23.75,75
23.75,75.25
23.75,75.5
23.75,75.75
23.75,76
23.75,76.25
23.75,76.5
23.75,76.75
23.75,77
23.75,77.25
23.75,77.5
23.75,77.75
23.75,78
23.75,78.25
23.75,78.5
23.75,78.75
23.75,79
23.75,79.25
23.75,79.5
23.75,79.75
23.75,80
23.75,80.25
23.75,80.5
23.75,80.75
23.75,81
23.75,81.25
23.75,81.5
23.75,81.75
23.75,82
23.75,82.25
23.75,82.5
23.75,82.75
23.75,83
23.75,83.25
23.75,83.5
23.75,83.75
23.75,84
23.75,84.25
23.75,84.5
23.75,84.75
23.75,85
23.75,85.25
23.75,85.5
23.75,85.75
23.75,86
23.75,86.25
23.75,86.5
23.75,86.75
23.75,87
23.75,87.25
23.75,87.5
23.75,87.75
23.75,88
23.75,88.25
23.75,91.25
23.75,91.5
23.75,91.75
23.75,92
23.75,92.25
23.75,92.5
23.75,92.75
23.75,93
24,69.25
24,69.5
24,69.75
24,70
24,70.25
24,70.5
24,70.75
24,71
24,71.25
24,71.5
24,71.75
24,72
24,72.25
24,72.5
24,72.75
24,73
24,73.25
24,73.5
24,73.75
24,74
24,74.25
24,74.5
24,74.75
24,75
24,75.25
24,75.5
24,75.75
24,76
24,76.25
24,76.5
24,76.75
24,77
24,77.25
24,77.5
24,77.75
24,78
24,78.25
24,78.5
24,78.75
24,79
24,79.25
24,79.5
24,79.75
24,80
24,80.25
24,80.5
24,80.75
24,81
24,81.25
24,81.5
24,81.75
24,82
24,82.25
24,82.5
24,82.75
24,83
24,83.25
24,83.5
24,83.75
24,84
24,84.25
24,84.5
24,84.75
24,85
24,85.25
24,85.5
24,85.75
24,86
24,86.25
24,86.5
24,86.75
24,87
24,87.25
24,87.5
24,87.75
24,88
24,88.25
24,91.75
24,92
24,92.25
24,92.5
24,92.75
24,93
24,93.25
24,93.5
24,93.75
24.25,71.25
24.25,71.5
24.25,71.75
24.25,72
24.25,72.25
24.25,72.5
24.25,72.75
24.25,73
24.25,73.25
24.25,73.5
24.25,73.75
24.25,74
24.25,74.25
24.25,74.5
24.25,74.75
24.25,75
24.25,75.25
24.25,75.5
24.25,75.75
24.25,76
24.25,76.25
24.25,76.5
24.25,76.75
24.25,77
24.25,77.25
24.25,77.5
24.25,77.75
24.25,78
24.25,78.25
24.25,78.5
24.25,78.75
24.25,79
24.25,79.25
24.25,79.5
24.25,79.75
24.25,80
24.25,80.25
24.25,80.5
24.25,80.75
24.25,81
24.25,81.25
24.25,81.5
24.25,81.75
24.25,82
24.25,82.25
24.25,82.5
24.25,82.75
24.25,83
24.25,83.25
24.25,83.5
24.25,83.75
24.25,84
24.25,84.25
24.25,84.5
24.25,84.75
24.25,85
24.25,85.25
24.25,85.5
24.25,85.75
24.25,86
24.25,86.25
24.25,86.5
24.25,86.75
24.25,87
24.25,87.25
24.25,87.5
24.25,87.75
24.25,88
24.25,92.25
24.25,92.5
24.25,92.75
24.25,93
24.25,93.25
24.25,93.5
24.25,93.75
24.25,94
24.5,71
24.5,71.25
24.5,71.5
24.5,71.75
24.5,72
24.5,72.25
24.5,72.5
24.5,72.75
24.5,73
24.5,73.25
24.5,73.5
24.5,73.75
24.5,74
24.5,74.25
24.5,74.5
24.5,74.75
24.5,75
24.5,75.25
24.5,75.5
24.5,75.75
24.5,76
24.5,76.25
24.5,76.5
24.5,76.75
24.5,77
24.5,77.25
24.5,77.5
24.5,77.75
24.5,78
24.5,78.25
24.5,78.5
24.5,78.75
24.5,79
24.5,79.25
24.5,79.5
24.5,79.75
24.5,80
24.5,80.25
24.5,80.5
24.5,80.75
24.5,81
24.5,81.25
24.5,81.5
24.5,81.75
24.5,82
24.5,82.25
24.5,82.5
24.5,82.75
24.5,83
24.5,83.25
24.5,83.5
24.5,83.75
24.5,84
24.5,84.25
24.5,84.5
24.5,84.75
24.5,85
24.5,85.25
24.5,85.5
24.5,85.75
24.5,86
24.5,86.25
24.5,86.5
24.5,86.75
24.5,87
24.5,87.25
24.5,87.5
24.5,87.75
24.5,92.25
24.5,92.5
24.5,92.75
24.5,93
24.5,93.25
24.5,93.5
24.5,93.75
24.5,94
24.75,71
24.75,71.25
24.75,71.5
24.75,71.75
24.75,72
24.75,72.25
24.75,72.5
24.75,72.75
24.75,73
24.75,73.25
24.75,73.5
24.75,73.75
24.75,74
24.75,74.25
24.75,74.5
24.75,74.75
24.75,75
24.75,75.25
24.75,75.5
24.75,75.75
24.75,76
24.75,76.25
24.75,76.5
24.75,76.75
24.75,77
24.75,77.25
24.75,77.5
24.75,77.75
24.75,78
24.75,78.25
24.75,78.5
24.75,78.75
24.75,79
24.75,79.25
24.75,79.5
24.75,79.75
24.75,80
24.75,80.25
24.75,80.5
24.75,80.75
24.75,81
24.75,81.25
24.75,81.5
24.75,81.75
24.75,82
24.75,82.25
24.75,82.5
24.75,82.75
24.75,83
24.75,83.25
24.75,83.5
24.75,83.75
24.75,84
24.75,84.25
24.75,84.5
24.75,84.75
24.75,85
24.75,85.25
24.75,85.5
24.75,85.75
24.75,86
24.75,86.25
24.75,86.5
24.75,86.75
24.75,87
24.75,87.25
24.75,87.5
24.75,87.75
24.75,92.5
24.75,92.75
24.75,93
24.75,93.25
24.75,93.5
24.75,93.75
24.75,94
24.75,94.25
25,71
25,71.25
25,71.5
25,71.75
25,72
25,72.25
25,72.5
25,72.75
25,73
25,73.25
25,73.5
25,73.75
25,74
25,74.25
25,74.5
25,74.75
25,75
25,75.25
25,75.5
25,75.75
25,76
25,76.25
25,76.5
25,76.75
25,77
25,77.25
25,77.5
25,77.75
25,78
25,78.25
25,78.5
25,78.75
25,79
25,79.25
25,79.5
25,79.75
25,80
25,80.25
25,80.5
25,80.75
25,81
25,81.25
25,81.5
25,81.75
25,82
25,82.25
25,82.5
25,82.75
25,83
25,83.25
25,83.5
25,83.75
25,84
25,84.25
25,84.5
25,84.75
25,85
25,85.25
25,85.5
25,85.75
25,86
25,86.25
25,86.5
25,86.75
25,87
25,87.25
25,87.5
25,87.75
25,88
25,92.25
25,92.5
25,92.75
25,93
25,93.25
25,93.5
25,93.75
25,94
25,94.25
25.25,71
25.25,71.5
25.25,71.75
25.25,72
25.25,72.25
25.25,72.5
25.25,72.75
25.25,73
25.25,73.25
25.25,73.5
25.25,73.75
25.25,74
25.25,74.25
25.25,74.5
25.25,74.75
25.25,75
25.25,75.25
25.25,75.5
25.25,75.75
25.25,76
25.25,76.25
25.25,76.5
25.25,76.75
25.25,77
25.25,77.25
25.25,77.5
25.25,77.75
25.25,78
25.25,78.25
25.25,78.5
25.25,78.75
25.25,79
25.25,79.25
25.25,79.5
25.25,79.75
25.25,80
25.25,80.25
25.25,80.5
25.25,80.75
25.25,81
25.25,81.25
25.25,81.5
25.25,81.75
25.25,82
25.25,82.25
25.25,82.5
25.25,82.75
25.25,83
25.25,83.25
25.25,83.5
25.25,83.75
25.25,84
25.25,84.25
25.25,84.5
25.25,84.75
25.25,85
25.25,85.25
25.25,85.5
25.25,85.75
25.25,86
25.25,86.25
25.25,86.5
25.25,86.75
25.25,87
25.25,87.25
25.25,87.5
25.25,87.75
25.25,88
25.25,88.25
25.25,88.5
25.25,90.25
25.25,90.5
25.25,90.75
25.25,91
25.25,91.25
25.25,91.5
25.25,91.75
25.25,92
25.25,92.25
25.25,92.5
25.25,92.75
25.25,93
25.25,93.25
25.25,93.5
25.25,93.75
25.25,94
25.25,94.25
25.5,72
25.5,72.25
25.5,72.5
25.5,72.75
25.5,73
25.5,73.25
25.5,73.5
25.5,73.75
25.5,74
25.5,74.25
25.5,74.5
25.5,74.75
25.5,75
25.5,75.25
25.5,75.5
25.5,75.75
25.5,76
25.5,76.25
25.5,76.5
25.5,76.75
25.5,77
25.5,77.25
25.5,77.5
25.5,77.75
25.5,78
25.5,78.25
25.5,78.5
25.5,78.75
25.5,79
25.5,79.25
25.5,79.5
25.5,79.75
25.5,80
25.5,80.25
25.5,80.5
25.5,80.75
25.5,81
25.5,81.25
25.5,81.5
25.5,81.75
25.5,82
25.5,82.25
25.5,82.5
25.5,82.75
25.5,83
25.5,83.25
25.5,83.5
25.5,83.75
25.5,84
25.5,84.25
25.5,84.5
25.5,84.75
25.5,85
25.5,85.25
25.5,85.5
25.5,85.75
25.5,86
25.5,86.25
25.5,86.5
25.5,86.75
25.5,87
25.5,87.25
25.5,87.5
25.5,87.75
25.5,88
25.5,90
25.5,90.25
25.5,90.5
25.5,90.75
25.5,91
25.5,91.25
25.5,91.5
25.5,91.75
25.5,92
25.5,92.25
25.5,92.5
25.5,92.75
25.5,93
25.5,93.25
25.5,93.5
25.5,93.75
25.5,94
25.5,94.25
25.75,71.75
25.75,72
25.75,72.25
25.75,72.5
25.75,72.75
25.75,73
25.75,73.25
25.75,73.5
25.75,73.75
25.75,74
25.75,74.25
25.75,74.5
25.75,74.75
25.75,75
25.75,75.25
25.75,75.5
25.75,75.75
25.75,76
25.75,76.25
25.75,76.5
25.75,76.75
25.75,77
25.75,77.25
25.75,77.5
25.75,77.75
25.75,78
25.75,78.25
25.75,78.5
25.75,78.75
25.75,79
25.75,79.25
25.75,79.5
25.75,79.75
25.75,80
25.75,80.25
25.75,80.5
25.75,80.75
25.75,81
25.75,81.25
25.75,81.5
25.75,81.75
25.75,82
25.75,82.25
25.75,82.5
25.75,82.75
25.75,83
25.75,83.25
25.75,83.5
25.75,83.75
25.75,84
25.75,84.25
25.75,84.5
25.75,84.75
25.75,85
25.75,85.25
25.75,85.5
25.75,85.75
25.75,86
25.75,86.25
25.75,86.5
25.75,86.75
25.75,87
25.75,87.25
25.75,87.5
25.75,87.75
25.75,90
25.75,90.25
25.75,90.5
25.75,90.75
25.75,91
25.75,91.25
25.75,91.5
25.75,91.75
25.75,92
25.75,92.25
25.75,92.5
25.75,92.75
25.75,93
25.75,93.25
25.75,93.5
25.75,93.75
25.75,94
25.75,94.25
25.75,94.5
25.75,94.75
26,72
26,72.25
26,72.5
26,72.75
26,73
26,73.25
26,73.5
26,73.75
26,74
26,74.25
26,74.5
26,74.75
26,75
26,75.25
26,75.5
26,75.75
26,76
26,76.25
26,76.5
26,76.75
26,77
26,77.25
26,77.5
26,77.75
26,78
26,78.25
26,78.5
26,78.75
26,79
26,79.25
26,79.5
26,79.75
26,80
26,80.25
26,80.5
26,80.75
26,81
26,81.25
26,81.5
26,81.75
26,82
26,82.25
26,82.5
26,82.75
26,83
26,83.25
26,83.5
26,83.75
26,84
26,84.25
26,84.5
26,84.75
26,85
26,85.25
26,85.5
26,85.75
26,86
26,86.25
26,86.5
26,86.75
26,87
26,87.25
26,87.5
26,87.75
26,88
26,89.75
26,90
26,90.25
26,90.5
26,90.75
26,91
26,91.25
26,91.5
26,91.75
26,92
26,92.25
26,92.5
26,92.75
26,93
26,93.25
26,93.5
26,93.75
26,94
26,94.25
26,94.5
26,94.75
26.25,71.75
26.25,72
26.25,72.5
26.25,72.75
26.25,73
26.25,73.25
26.25,73.5
26.25,73.75
26.25,74
26.25,74.25
26.25,74.5
26.25,74.75
26.25,75
26.25,75.25
26.25,75.5
26.25,75.75
26.25,76
26.25,76.25
26.25,76.5
26.25,76.75
26.25,77
26.25,77.25
26.25,77.5
26.25,77.75
26.25,78
26.25,78.25
26.25,78.5
26.25,78.75
26.25,79
26.25,79.25
26.25,79.5
26.25,79.75
26.25,80
26.25,80.25
26.25,80.5
26.25,80.75
26.25,81
26.25,81.25
26.25,81.5
26.25,81.75
26.25,82
26.25,82.25
26.25,82.5
26.25,82.75
26.25,83
26.25,83.25
26.25,83.5
26.25,83.75
26.25,84
26.25,84.25
26.25,84.5
26.25,84.75
26.25,85
26.25,85.25
26.25,85.5
26.25,85.75
26.25,86
26.25,86.25
26.25,86.5
26.25,86.75
26.25,87
26.25,87.5
26.25,87.75
26.25,88
26.25,88.75
26.25,89.25
26.25,89.5
26.25,89.75
26.25,90
26.25,90.25
26.25,90.5
26.25,90.75
26.25,91
26.25,91.25
26.25,91.5
26.25,91.75
26.25,92
26.25,92.25
26.25,92.5
26.25,92.75
26.25,93
26.25,93.25
26.25,93.5
26.25,93.75
26.25,94
26.25,94.25
26.25,94.5
26.25,94.75
26.5,71.75
26.5,72
26.5,72.25
26.5,72.5
26.5,72.75
26.5,73
26.5,73.25
26.5,73.5
26.5,73.75
26.5,74
26.5,74.25
26.5,74.5
26.5,74.75
26.5,75
26.5,75.25
26.5,75.5
26.5,75.75
26.5,76
26.5,76.25
26.5,76.5
26.5,76.75
26.5,77
26.5,77.25
26.5,77.5
26.5,77.75
26.5,78
26.5,78.25
26.5,78.5
26.5,78.75
26.5,79
26.5,79.25
26.5,79.5
26.5,79.75
26.5,80
26.5,80.25
26.5,80.5
26.5,80.75
26.5,81
26.5,81.25
26.5,81.5
26.5,81.75
26.5,82
26.5,82.25
26.5,82.5
26.5,82.75
26.5,83
26.5,83.25
26.5,83.5
26.5,83.75
26.5,84
26.5,84.25
26.5,84.5
26.5,84.75
26.5,85
26.5,85.25
26.5,85.5
26.5,88.25
26.5,88.5
26.5,88.75
26.5,89
26.5,89.25
26.5,89.5
26.5,89.75
26.5,90
26.5,90.25
26.5,90.5
26.5,90.75
26.5,91
26.5,91.25
26.5,91.5
26.5,91.75
26.5,92
26.5,92.25
26.5,92.5
26.5,92.75
26.5,93
26.5,93.25
26.5,93.5
26.5,93.75
26.5,94
26.5,94.25
26.5,94.5
26.5,94.75
26.75,71.75
26.75,72
26.75,72.25
26.75,72.5
26.75,72.75
26.75,73
26.75,73.25
26.75,73.5
26.75,73.75
26.75,74
26.75,74.25
26.75,74.5
26.75,74.75
26.75,75
26.75,75.25
26.75,75.5
26.75,75.75
26.75,76
26.75,76.25
26.75,76.5
26.75,76.75
26.75,77
26.75,77.25
26.75,77.5
26.75,77.75
26.75,78
26.75,78.25
26.75,78.5
26.75,78.75
26.75,79
26.75,79.25
26.75,79.5
26.75,79.75
26.75,80
26.75,80.25
26.75,80.5
26.75,80.75
26.75,81
26.75,81.25
26.75,81.5
26.75,81.75
26.75,82
26.75,82.25
26.75,82.5
26.75,82.75
26.75,83
26.75,83.25
26.75,83.5
26.75,83.75
26.75,84
26.75,84.25
26.75,84.5
26.75,84.75
26.75,88.25
26.75,88.5
26.75,88.75
26.75,92.25
26.75,92.5
26.75,92.75
26.75,93
26.75,93.25
26.75,93.5
26.75,93.75
26.75,94
26.75,94.25
26.75,94.5
26.75,94.75
26.75,95
27,72.5
27,72.75
27,73
27,73.25
27,73.5
27,73.75
27,74
27,74.25
27,74.5
27,74.75
27,75
27,75.25
27,75.5
27,75.75
27,76
27,76.25
27,76.5
27,76.75
27,77
27,77.25
27,77.5
27,77.75
27,78
27,78.25
27,78.5
27,78.75
27,79
27,79.25
27,79.5
27,79.75
27,80
27,80.25
27,80.5
27,80.75
27,81
27,81.25
27,81.5
27,81.75
27,82
27,82.25
27,82.5
27,82.75
27,83
27,83.25
27,83.5
27,83.75
27,84
27,84.25
27,84.5
27,88
27,88.25
27,88.5
27,92
27,92.25
27,92.5
27,92.75
27,93
27,93.25
27,93.5
27,93.75
27,94
27,94.25
27,94.5
27,94.75
27,95
27,95.25
27,95.5
27.25,71.5
27.25,72.5
27.25,72.75
27.25,73
27.25,73.25
27.25,73.5
27.25,73.75
27.25,74
27.25,74.25
27.25,74.5
27.25,74.75
27.25,75
27.25,75.25
27.25,75.5
27.25,75.75
27.25,76
27.25,76.25
27.25,76.5
27.25,76.75
27.25,77
27.25,77.25
27.25,77.5
27.25,77.75
27.25,78
27.25,78.25
27.25,78.5
27.25,78.75
27.25,79
27.25,79.25
27.25,79.5
27.25,79.75
27.25,80
27.25,80.25
27.25,80.5
27.25,80.75
27.25,81
27.25,81.25
27.25,81.5
27.25,81.75
27.25,82
27.25,82.25
27.25,82.5
27.25,82.75
27.25,83
27.25,83.5
27.25,84
27.25,88
27.25,88.25
27.25,88.5
27.25,92
27.25,92.25
27.25,92.5
27.25,92.75
27.25,93
27.25,93.25
27.25,93.5
27.25,93.75
27.25,94
27.25,94.25
27.25,94.5
27.25,94.75
27.25,95
27.25,95.25
27.25,95.5
27.25,95.75
27.5,72.5
27.5,72.75
27.5,73
27.5,73.25
27.5,73.5
27.5,73.75
27.5,74
27.5,74.25
27.5,74.5
27.5,74.75
27.5,75
27.5,75.25
27.5,75.5
27.5,75.75
27.5,76
27.5,76.25
27.5,76.5
27.5,76.75
27.5,77
27.5,77.25
27.5,77.5
27.5,77.75
27.5,78
27.5,78.25
27.5,78.5
27.5,78.75
27.5,79
27.5,79.25
27.5,79.5
27.5,79.75
27.5,80
27.5,80.25
27.5,80.5
27.5,80.75
27.5,81
27.5,81.25
27.5,81.5
27.5,81.75
27.5,82
27.5,82.25
27.5,82.5
27.5,88.25
27.5,88.5
27.5,91.75
27.5,92
27.5,92.25
27.5,92.5
27.5,92.75
27.5,93
27.5,93.25
27.5,93.5
27.5,93.75
27.5,94
27.5,94.25
27.5,94.5
27.5,94.75
27.5,95
27.5,95.25
27.5,95.5
27.5,95.75
27.5,96
27.5,96.25
27.5,96.5
27.75,72.5
27.75,72.75
27.75,73
27.75,73.25
27.75,73.5
27.75,73.75
27.75,74
27.75,74.25
27.75,74.5
27.75,74.75
27.75,75
27.75,75.25
27.75,75.5
27.75,75.75
27.75,76
27.75,76.25
27.75,76.5
27.75,76.75
27.75,77
27.75,77.25
27.75,77.5
27.75,77.75
27.75,78
27.75,78.25
27.75,78.5
27.75,78.75
27.75,79
27.75,79.25
27.75,79.5
27.75,79.75
27.75,80
27.75,80.25
27.75,80.5
27.75,80.75
27.75,81
27.75,81.25
27.75,81.5
27.75,88.25
27.75,88.5
27.75,92.75
27.75,93
27.75,93.25
27.75,93.5
27.75,93.75
27.75,94
27.75,94.25
27.75,94.5
27.75,94.75
27.75,95
27.75,95.25
27.75,95.5
27.75,95.75
27.75,96
27.75,96.25
27.75,96.5
28,72.25
28,72.5
28,72.75
28,73
28,73.25
28,73.5
28,73.75
28,74
28,74.25
28,74.5
28,74.75
28,75
28,75.25
28,75.5
28,75.75
28,76
28,76.25
28,76.5
28,76.75
28,77
28,77.25
28,77.5
28,77.75
28,78
28,78.25
28,78.5
28,78.75
28,79
28,79.25
28,79.5
28,79.75
28,80
28,80.25
28,80.5
28,80.75
28,81
28,81.25
28,92.75
28,93
28,93.25
28,93.5
28,93.75
28,94
28,94.25
28,94.5
28,94.75
28,95
28,95.25
28,95.5
28,95.75
28,96
28,96.25
28,96.5
28.25,72.25
28.25,72.5
28.25,72.75
28.25,73
28.25,73.25
28.25,73.5
28.25,73.75
28.25,74
28.25,74.25
28.25,74.5
28.25,74.75
28.25,75
28.25,75.25
28.25,75.5
28.25,75.75
28.25,76
28.25,76.25
28.25,76.5
28.25,76.75
28.25,77
28.25,77.25
28.25,77.5
28.25,77.75
28.25,78
28.25,78.25
28.25,78.5
28.25,78.75
28.25,79
28.25,79.25
28.25,79.5
28.25,79.75
28.25,80
28.25,80.25
28.25,80.5
28.25,80.75
28.25,81
28.25,93.25
28.25,93.5
28.25,93.75
28.25,94
28.25,94.25
28.25,94.5
28.25,94.75
28.25,95
28.25,95.25
28.25,95.5
28.25,95.75
28.25,96
28.25,96.5
28.5,72.25
28.5,72.5
28.5,72.75
28.5,73
28.5,73.25
28.5,73.5
28.5,73.75
28.5,74
28.5,74.25
28.5,74.5
28.5,74.75
28.5,75
28.5,75.25
28.5,75.5
28.5,75.75
28.5,76
28.5,76.25
28.5,76.5
28.5,76.75
28.5,77
28.5,77.25
28.5,77.5
28.5,77.75
28.5,78
28.5,78.25
28.5,78.5
28.5,78.75
28.5,79
28.5,79.25
28.5,79.5
28.5,79.75
28.5,80
28.5,93.5
28.5,93.75
28.5,94
28.5,94.25
28.5,94.5
28.5,94.75
28.5,95
28.5,95.25
28.5,95.5
28.5,95.75
28.5,96
28.5,96.25
28.75,72.75
28.75,73.25
28.75,73.5
28.75,73.75
28.75,74
28.75,74.25
28.75,74.5
28.75,74.75
28.75,75
28.75,75.25
28.75,75.5
28.75,75.75
28.75,76
28.75,76.25
28.75,76.5
28.75,76.75
28.75,77
28.75,77.25
28.75,77.5
28.75,77.75
28.75,78
28.75,78.25
28.75,78.5
28.75,78.75
28.75,79
28.75,79.25
28.75,79.5
28.75,79.75
28.75,94
28.75,94.25
28.75,94.5
28.75,94.75
28.75,95
28.75,95.25
28.75,95.5
28.75,95.75
28.75,96
28.75,96.25
29,73
29,73.25
29,73.5
29,73.75
29,74
29,74.25
29,74.5
29,74.75
29,75
29,75.25
29,75.5
29,75.75
29,76
29,76.25
29,76.5
29,76.75
29,77
29,77.25
29,77.5
29,77.75
29,78
29,78.25
29,78.5
29,78.75
29,79
29,79.25
29,79.5
29,79.75
29,94.5
29,94.75
29,95.5
29,95.75
29,96
29.25,73.5
29.25,73.75
29.25,74
29.25,74.25
29.25,74.5
29.25,74.75
29.25,75
29.25,75.25
29.25,75.5
29.25,75.75
29.25,76
29.25,76.25
29.25,76.5
29.25,76.75
29.25,77
29.25,77.25
29.25,77.5
29.25,77.75
29.25,78
29.25,78.25
29.25,78.5
29.25,78.75
29.25,79
29.25,79.25
29.25,79.5
29.25,79.75
29.25,80
29.5,73.25
29.5,73.5
29.5,73.75
29.5,74
29.5,74.25
29.5,74.5
29.5,74.75
29.5,75
29.5,75.25
29.5,75.5
29.5,75.75
29.5,76
29.5,76.25
29.5,76.5
29.5,76.75
29.5,77
29.5,77.25
29.5,77.5
29.5,77.75
29.5,78
29.5,78.25
29.5,78.5
29.5,78.75
29.5,79
29.5,79.25
29.5,79.5
29.5,79.75
29.5,80
29.75,73.5
29.75,73.75
29.75,74
29.75,74.25
29.75,74.5
29.75,74.75
29.75,75
29.75,75.25
29.75,75.5
29.75,75.75
29.75,76
29.75,76.25
29.75,76.5
29.75,76.75
29.75,77
29.75,77.25
29.75,77.5
29.75,77.75
29.75,78
29.75,78.25
29.75,78.5
29.75,78.75
29.75,79
29.75,79.25
29.75,79.5
29.75,79.75
29.75,80
30,74
30,74.25
30,74.5
30,74.75
30,75
30,75.25
30,75.5
30,75.75
30,76
30,76.25
30,76.5
30,76.75
30,77
30,77.25
30,77.5
30,77.75
30,78
30,78.25
30,78.5
30,78.75
30,79
30,79.25
30,79.5
30,79.75
30,80
30,80.25
30.25,74
30.25,74.25
30.25,74.5
30.25,74.75
30.25,75
30.25,75.25
30.25,75.5
30.25,75.75
30.25,76
30.25,76.25
30.25,76.5
30.25,76.75
30.25,77
30.25,77.25
30.25,77.5
30.25,77.75
30.25,78
30.25,78.25
30.25,78.5
30.25,78.75
30.25,79
30.25,79.25
30.25,79.5
30.25,79.75
30.25,80
30.25,80.25
30.25,80.5
30.5,74.25
30.5,74.5
30.5,74.75
30.5,75
30.5,75.25
30.5,75.5
30.5,75.75
30.5,76
30.5,76.25
30.5,76.5
30.5,76.75
30.5,77
30.5,77.25
30.5,77.5
30.5,77.75
30.5,78
30.5,78.25
30.5,78.5
30.5,78.75
30.5,79
30.5,79.25
30.5,79.5
30.5,79.75
30.5,80
30.75,74.5
30.75,74.75
30.75,75
30.75,75.25
30.75,75.5
30.75,75.75
30.75,76
30.75,76.25
30.75,76.5
30.75,76.75
30.75,77
30.75,77.25
30.75,77.5
30.75,77.75
30.75,78
30.75,78.25
30.75,78.5
30.75,78.75
30.75,79
30.75,79.25
30.75,79.5
30.75,79.75
31,74.75
31,75
31,75.25
31,75.5
31,75.75
31,76
31,76.25
31,76.5
31,76.75
31,77
31,77.25
31,77.5
31,77.75
31,78
31,78.25
31,78.5
31,78.75
31,79
31.25,74.75
31.25,75
31.25,75.25
31.25,75.5
31.25,75.75
31.25,76
31.25,76.25
31.25,76.5
31.25,76.75
31.25,77
31.25,77.25
31.25,77.5
31.25,77.75
31.25,78
31.25,78.25
31.25,78.5
31.5,74.75
31.5,75
31.5,75.25
31.5,75.5
31.5,75.75
31.5,76
31.5,76.25
31.5,76.5
31.5,76.75
31.5,77
31.5,77.25
31.5,77.5
31.5,77.75
31.5,78
31.5,78.25
31.5,78.5
31.75,74.75
31.75,75
31.75,75.25
31.75,75.5
31.75,75.75
31.75,76
31.75,76.25
31.75,76.5
31.75,76.75
31.75,77
31.75,77.25
31.75,77.5
31.75,77.75
31.75,78
31.75,78.25
31.75,78.5
32,75.25
32,75.5
32,75.75
32,76
32,76.25
32,76.5
32,76.75
32,77
32,77.25
32,77.5
32,77.75
32,78
32,78.25
32.25,75.25
32.25,75.5
32.25,75.75
32.25,76
32.25,76.25
32.25,76.5
32.25,76.75
32.25,77
32.25,77.25
32.25,77.5
32.25,77.75
32.25,78
32.25,78.25
32.5,74.75
32.5,75
32.5,75.25
32.5,75.5
32.5,75.75
32.5,76
32.5,76.25
32.5,76.5
32.5,76.75
32.5,77
32.5,77.25
32.5,77.5
32.5,77.75
32.5,78
32.5,78.25
32.5,78.75
32.75,74.5
32.75,74.75
32.75,75
32.75,75.25
32.75,75.5
32.75,75.75
32.75,76
32.75,76.25
32.75,76.5
32.75,76.75
32.75,77
32.75,77.25
32.75,77.5
32.75,77.75
32.75,78
32.75,78.25
32.75,78.5
32.75,78.75
32.75,79
32.75,79.25
33,73.75
33,74
33,74.25
33,74.5
33,74.75
33,75
33,75.25
33,75.5
33,75.75
33,76
33,76.25
33,76.5
33,76.75
33,77
33,77.25
33,77.5
33,77.75
33,78
33,78.25
33,78.5
33,78.75
33,79
33.25,73.75
33.25,74
33.25,74.25
33.25,74.5
33.25,74.75
33.25,75
33.25,75.25
33.25,75.5
33.25,75.75
33.25,76
33.25,76.25
33.25,76.5
33.25,76.75
33.25,77
33.25,77.25
33.25,77.5
33.25,77.75
33.25,78
33.25,78.25
33.25,78.5
33.25,78.75
33.5,73.75
33.5,74
33.5,74.25
33.5,74.5
33.5,74.75
33.5,75
33.5,75.25
33.5,75.5
33.5,75.75
33.5,76
33.5,76.25
33.5,76.5
33.5,76.75
33.5,77
33.5,77.25
33.5,77.5
33.5,77.75
33.5,78
33.5,78.25
33.5,78.5
33.5,78.75
33.75,73.75
33.75,74
33.75,74.25
33.75,74.5
33.75,74.75
33.75,75
33.75,75.25
33.75,75.5
33.75,75.75
33.75,76
33.75,76.25
33.75,76.5
33.75,76.75
33.75,77
33.75,77.25
33.75,77.5
33.75,77.75
33.75,78
33.75,78.25
33.75,78.5
33.75,78.75
34,73.5
34,73.75
34,74
34,74.25
34,74.5
34,74.75
34,75
34,75.25
34,75.5
34,75.75
34,76
34,76.25
34,76.5
34,76.75
34,77
34,77.25
34,77.5
34,77.75
34,78
34,78.25
34,78.5
34,78.75
34.25,73.5
34.25,73.75
34.25,74
34.25,74.25
34.25,74.5
34.25,74.75
34.25,75
34.25,75.25
34.25,75.5
34.25,75.75
34.25,76
34.25,76.25
34.25,76.5
34.25,76.75
34.25,77
34.25,77.25
34.25,77.5
34.25,77.75
34.25,78
34.25,78.25
34.25,78.5
34.25,78.75
34.25,79
34.25,79.25
34.5,73.75
34.5,74
34.5,74.25
34.5,74.5
34.5,74.75
34.5,75
34.5,75.25
34.5,75.5
34.5,75.75
34.5,76
34.5,76.25
34.5,76.5
34.5,76.75
34.5,77
34.5,77.25
34.5,77.5
34.5,77.75
34.5,78
34.5,78.25
34.5,78.5
34.5,78.75
34.5,79
34.5,79.25
34.5,79.5
34.75,74
34.75,74.25
34.75,74.5
34.75,74.75
34.75,75
34.75,75.25
34.75,75.5
34.75,75.75
34.75,76
34.75,76.25
34.75,76.5
34.75,76.75
34.75,77
34.75,77.25
34.75,77.5
34.75,77.75
34.75,78
34.75,78.25
34.75,78.5
34.75,78.75
34.75,79
34.75,79.25
34.75,79.5
34.75,79.75
35,74.25
35,74.5
35,74.75
35,75
35,75.25
35,75.5
35,75.75
35,76
35,76.25
35,76.5
35,76.75
35,77
35,77.25
35,77.5
35,77.75
35,78
35,78.25
35,78.5
35,78.75
35,79
35,79.25
35,79.5
35,79.75
35.25,73.75
35.25,74
35.25,74.25
35.25,74.5
35.25,74.75
35.25,75
35.25,75.25
35.25,75.5
35.25,75.75
35.25,76
35.25,76.25
35.25,76.5
35.25,76.75
35.25,77
35.25,77.25
35.25,77.5
35.25,77.75
35.25,78
35.25,78.25
35.25,78.5
35.25,78.75
35.25,79
35.25,79.25
35.25,79.5
35.25,79.75
35.5,73.5
35.5,73.75
35.5,74
35.5,74.25
35.5,74.5
35.5,74.75
35.5,75
35.5,75.25
35.5,75.5
35.5,75.75
35.5,76
35.5,76.25
35.5,76.5
35.5,76.75
35.5,77
35.5,78.25
35.5,78.5
35.5,78.75
35.5,79
35.5,79.25
35.5,79.5
35.5,79.75
35.5,80
35.75,73
35.75,73.25
35.75,73.5
35.75,73.75
35.75,74
35.75,74.25
35.75,74.5
35.75,74.75
35.75,75
35.75,75.25
35.75,75.5
35.75,75.75
35.75,76
35.75,76.25
35.75,76.5
35.75,79.25
36,73
36,73.25
36,73.5
36,73.75
36,74
36,74.25
36,74.5
36,74.75
36,75
36,75.25
36,75.5
36,75.75
36,76
36,76.25
36,76.5
36.25,73
36.25,73.25
36.25,73.5
36.25,73.75
36.25,74
36.25,74.25
36.25,74.5
36.25,74.75
36.25,75
36.25,75.25
36.25,75.5
36.25,75.75
36.25,76
36.5,73.25
36.5,73.5
36.5,73.75
36.5,74
36.5,74.25
36.5,74.5
36.5,74.75
36.5,75
36.5,75.25
36.5,75.5
36.75,73.75
36.75,74.25
36.75,74.5
36.75,74.75
36.75,75
36.75,75.25
